{
  "gpt2": {
    "morph_score": 0.23529411764705882,
    "fragmentation": 1.5742574257425743,
    "boundary_f1": {
      "precision": 0.14583333333333334,
      "recall": 0.225,
      "f1": 0.1653333333333333
    }
  },
  "patok": {
    "morph_score": 0.9901960784313726,
    "fragmentation": 1.6584158415841583,
    "boundary_f1": {
      "precision": 0.5083333333333333,
      "recall": 0.99,
      "f1": 0.6433333333333333
    }
  },
  "improvement": {
    "morph_score": 0.7549019607843137,
    "fragmentation": 0.08415841584158401,
    "boundary_f1": 0.478
  }
}